runId,queryId,Rprec,bpref,map,num_rel,num_rel_ret,num_ret,recip_rank
base,11,0.8462,0.8757,0.8945,13,13,1000,1.0000
base,12,0.7857,0.8457,0.8852,28,28,1000,1.0000
base,13,0.4722,0.4576,0.4604,144,144,1000,0.3333
base,14,0.6818,0.5599,0.5417,22,22,1000,1.0000
base,15,0.5957,0.5817,0.6420,47,47,1000,1.0000
base,16,0.0000,0.0000,0.0938,2,2,1000,0.1250
base,17,0.2222,0.1358,0.1105,9,6,1000,0.5000
base,18,0.0909,0.0826,0.1474,11,11,1000,0.5000
base,19,0.6154,0.6095,0.6767,13,13,1000,1.0000
base,20,0.6727,0.5947,0.5461,55,55,1000,0.2500
base,21,0.4444,0.4074,0.4174,9,8,1000,1.0000
base,22,0.4750,0.4356,0.5016,40,40,1000,1.0000
base,23,0.4512,0.3794,0.4700,82,82,1000,1.0000
base,24,0.1429,0.0204,0.0974,7,7,1000,0.1429
base,25,0.1429,0.1020,0.1264,7,7,1000,0.3333
base,26,0.3095,0.2766,0.3242,42,42,1000,1.0000
base,27,0.5455,0.5651,0.5270,143,143,1000,0.3333
base,28,0.7097,0.7170,0.7691,31,31,1000,1.0000
base,29,0.1818,0.1420,0.1432,44,38,1000,1.0000
base,30,0.5000,0.2500,0.2885,2,2,1000,0.5000
base,31,1.0000,1.0000,1.0000,5,5,1000,1.0000
base,32,0.8217,0.9014,0.8479,129,128,1000,1.0000
base,33,0.5333,0.4889,0.5479,30,30,1000,1.0000
base,34,0.3889,0.3056,0.3158,72,70,1000,1.0000
base,35,0.5556,0.5432,0.6067,9,9,1000,1.0000
dfr,11,0.8462,0.8935,0.9073,13,13,1000,1.0000
dfr,12,0.8571,0.9005,0.9222,28,28,1000,1.0000
dfr,13,0.5208,0.5244,0.5072,144,144,1000,1.0000
dfr,14,0.6818,0.6240,0.6102,22,22,1000,1.0000
dfr,15,0.6383,0.5998,0.6312,47,47,1000,1.0000
dfr,16,0.0000,0.0000,0.1125,2,2,1000,0.1000
dfr,17,0.1111,0.1111,0.1587,9,6,1000,1.0000
dfr,18,0.0909,0.0826,0.1448,11,11,1000,0.5000
dfr,19,0.6923,0.7160,0.7732,13,13,1000,1.0000
dfr,20,0.6000,0.5560,0.5209,55,55,1000,0.5000
dfr,21,0.4444,0.3704,0.3949,9,8,1000,1.0000
dfr,22,0.5000,0.4456,0.4834,40,40,1000,1.0000
dfr,23,0.3415,0.3462,0.4082,82,82,1000,1.0000
dfr,24,0.0000,0.0000,0.0664,7,7,1000,0.0769
dfr,25,0.1429,0.1020,0.1274,7,7,1000,0.3333
dfr,26,0.1905,0.1395,0.1925,42,42,1000,0.5000
dfr,27,0.5524,0.5801,0.5593,143,143,1000,1.0000
dfr,28,0.6129,0.5911,0.6743,31,31,1000,1.0000
dfr,29,0.1818,0.1250,0.1442,44,38,1000,1.0000
dfr,30,0.0000,0.0000,0.1894,2,2,1000,0.3333
dfr,31,0.8000,0.8400,0.8100,5,5,1000,1.0000
dfr,32,0.6589,0.8317,0.6387,129,128,1000,1.0000
dfr,33,0.4333,0.4044,0.4482,30,30,1000,1.0000
dfr,34,0.3889,0.3021,0.2979,72,70,1000,0.3333
dfr,35,0.6667,0.6173,0.6812,9,9,1000,1.0000
snowball_stm,11,0.8462,0.8462,0.8692,13,13,1000,1.0000
snowball_stm,12,0.7857,0.8597,0.8880,28,28,1000,1.0000
snowball_stm,13,0.4931,0.4910,0.4890,144,144,1000,0.3333
snowball_stm,14,0.6818,0.5847,0.5251,22,22,1000,0.5000
snowball_stm,15,0.6596,0.6496,0.6660,47,47,1000,1.0000
snowball_stm,16,0.0000,0.0000,0.1101,2,2,1000,0.1250
snowball_stm,17,0.2222,0.0494,0.0796,9,8,1000,0.1250
snowball_stm,18,0.0909,0.0826,0.1455,11,11,1000,0.5000
snowball_stm,19,0.5385,0.5858,0.6860,13,13,1000,1.0000
snowball_stm,20,0.5818,0.5898,0.5609,55,55,1000,1.0000
snowball_stm,21,0.5556,0.3827,0.2835,9,8,1000,0.3333
snowball_stm,22,0.5000,0.4788,0.5279,40,40,1000,1.0000
snowball_stm,23,0.4024,0.3685,0.4390,82,82,1000,1.0000
snowball_stm,24,0.0000,0.0000,0.0861,7,7,1000,0.1250
snowball_stm,25,0.0000,0.0000,0.0480,7,7,1000,0.0667
snowball_stm,26,0.3095,0.2466,0.3303,42,42,1000,1.0000
snowball_stm,27,0.5524,0.5693,0.5304,143,143,1000,0.3333
snowball_stm,28,0.6774,0.6899,0.7552,31,31,1000,1.0000
snowball_stm,29,0.1364,0.1209,0.1266,44,36,1000,1.0000
snowball_stm,30,0.5000,0.5000,0.6667,2,2,1000,1.0000
snowball_stm,31,1.0000,1.0000,1.0000,5,5,1000,1.0000
snowball_stm,32,0.7907,0.8936,0.8262,129,128,1000,0.5000
snowball_stm,33,0.5333,0.5211,0.5977,30,30,1000,1.0000
snowball_stm,34,0.3333,0.2502,0.2905,72,70,1000,1.0000
snowball_stm,35,0.5556,0.5062,0.6307,9,9,1000,1.0000
vacias_txt,11,0.8462,0.8757,0.8953,13,13,1000,1.0000
vacias_txt,12,0.7857,0.8393,0.8825,28,28,1000,1.0000
vacias_txt,13,0.4861,0.4853,0.4815,144,144,1000,0.5000
vacias_txt,14,0.6364,0.5599,0.5509,22,22,1000,1.0000
vacias_txt,15,0.5745,0.5890,0.6435,47,47,1000,1.0000
vacias_txt,16,0.0000,0.0000,0.0875,2,2,1000,0.1250
vacias_txt,17,0.2222,0.1358,0.0953,9,6,1000,0.3333
vacias_txt,18,0.0909,0.0826,0.1489,11,11,1000,0.5000
vacias_txt,19,0.6154,0.5740,0.6638,13,13,1000,1.0000
vacias_txt,20,0.6727,0.5944,0.5469,55,55,1000,0.2500
vacias_txt,21,0.4444,0.4074,0.4145,9,8,1000,1.0000
vacias_txt,22,0.4750,0.4312,0.4942,40,40,1000,1.0000
vacias_txt,23,0.4512,0.3836,0.4697,82,82,1000,1.0000
vacias_txt,24,0.0000,0.0000,0.0921,7,7,1000,0.1250
vacias_txt,25,0.1429,0.0612,0.1012,7,7,1000,0.2000
vacias_txt,26,0.3333,0.2579,0.2905,42,42,1000,0.5000
vacias_txt,27,0.5385,0.5549,0.5197,143,143,1000,0.3333
vacias_txt,28,0.6774,0.7190,0.7658,31,31,1000,1.0000
vacias_txt,29,0.1818,0.1379,0.1397,44,38,1000,1.0000
vacias_txt,30,0.0000,0.0000,0.2067,2,2,1000,0.3333
vacias_txt,31,1.0000,1.0000,1.0000,5,5,1000,1.0000
vacias_txt,32,0.8140,0.9016,0.8479,129,128,1000,1.0000
vacias_txt,33,0.5000,0.4744,0.5245,30,30,1000,1.0000
vacias_txt,34,0.4028,0.3358,0.3352,72,70,1000,1.0000
vacias_txt,35,0.5556,0.5185,0.5880,9,9,1000,1.0000
