queryId,runId,Rprec,bpref,map,num_rel,num_rel_ret,num_ret,recip_rank
11,base,0.8462,0.8757,0.8945,13,13,1000,1.0000
11,dfr,0.8462,0.8935,0.9073,13,13,1000,1.0000
11,snowball_stm,0.8462,0.8462,0.8692,13,13,1000,1.0000
11,vacias_txt,0.8462,0.8757,0.8953,13,13,1000,1.0000
12,base,0.7857,0.8457,0.8852,28,28,1000,1.0000
12,dfr,0.8571,0.9005,0.9222,28,28,1000,1.0000
12,snowball_stm,0.7857,0.8597,0.8880,28,28,1000,1.0000
12,vacias_txt,0.7857,0.8393,0.8825,28,28,1000,1.0000
13,base,0.4722,0.4576,0.4604,144,144,1000,0.3333
13,dfr,0.5208,0.5244,0.5072,144,144,1000,1.0000
13,snowball_stm,0.4931,0.4910,0.4890,144,144,1000,0.3333
13,vacias_txt,0.4861,0.4853,0.4815,144,144,1000,0.5000
14,base,0.6818,0.5599,0.5417,22,22,1000,1.0000
14,dfr,0.6818,0.6240,0.6102,22,22,1000,1.0000
14,snowball_stm,0.6818,0.5847,0.5251,22,22,1000,0.5000
14,vacias_txt,0.6364,0.5599,0.5509,22,22,1000,1.0000
15,base,0.5957,0.5817,0.6420,47,47,1000,1.0000
15,dfr,0.6383,0.5998,0.6312,47,47,1000,1.0000
15,snowball_stm,0.6596,0.6496,0.6660,47,47,1000,1.0000
15,vacias_txt,0.5745,0.5890,0.6435,47,47,1000,1.0000
16,base,0.0000,0.0000,0.0938,2,2,1000,0.1250
16,dfr,0.0000,0.0000,0.1125,2,2,1000,0.1000
16,snowball_stm,0.0000,0.0000,0.1101,2,2,1000,0.1250
16,vacias_txt,0.0000,0.0000,0.0875,2,2,1000,0.1250
17,base,0.2222,0.1358,0.1105,9,6,1000,0.5000
17,dfr,0.1111,0.1111,0.1587,9,6,1000,1.0000
17,snowball_stm,0.2222,0.0494,0.0796,9,8,1000,0.1250
17,vacias_txt,0.2222,0.1358,0.0953,9,6,1000,0.3333
18,base,0.0909,0.0826,0.1474,11,11,1000,0.5000
18,dfr,0.0909,0.0826,0.1448,11,11,1000,0.5000
18,snowball_stm,0.0909,0.0826,0.1455,11,11,1000,0.5000
18,vacias_txt,0.0909,0.0826,0.1489,11,11,1000,0.5000
19,base,0.6154,0.6095,0.6767,13,13,1000,1.0000
19,dfr,0.6923,0.7160,0.7732,13,13,1000,1.0000
19,snowball_stm,0.5385,0.5858,0.6860,13,13,1000,1.0000
19,vacias_txt,0.6154,0.5740,0.6638,13,13,1000,1.0000
20,base,0.6727,0.5947,0.5461,55,55,1000,0.2500
20,dfr,0.6000,0.5560,0.5209,55,55,1000,0.5000
20,snowball_stm,0.5818,0.5898,0.5609,55,55,1000,1.0000
20,vacias_txt,0.6727,0.5944,0.5469,55,55,1000,0.2500
21,base,0.4444,0.4074,0.4174,9,8,1000,1.0000
21,dfr,0.4444,0.3704,0.3949,9,8,1000,1.0000
21,snowball_stm,0.5556,0.3827,0.2835,9,8,1000,0.3333
21,vacias_txt,0.4444,0.4074,0.4145,9,8,1000,1.0000
22,base,0.4750,0.4356,0.5016,40,40,1000,1.0000
22,dfr,0.5000,0.4456,0.4834,40,40,1000,1.0000
22,snowball_stm,0.5000,0.4788,0.5279,40,40,1000,1.0000
22,vacias_txt,0.4750,0.4312,0.4942,40,40,1000,1.0000
23,base,0.4512,0.3794,0.4700,82,82,1000,1.0000
23,dfr,0.3415,0.3462,0.4082,82,82,1000,1.0000
23,snowball_stm,0.4024,0.3685,0.4390,82,82,1000,1.0000
23,vacias_txt,0.4512,0.3836,0.4697,82,82,1000,1.0000
24,base,0.1429,0.0204,0.0974,7,7,1000,0.1429
24,dfr,0.0000,0.0000,0.0664,7,7,1000,0.0769
24,snowball_stm,0.0000,0.0000,0.0861,7,7,1000,0.1250
24,vacias_txt,0.0000,0.0000,0.0921,7,7,1000,0.1250
25,base,0.1429,0.1020,0.1264,7,7,1000,0.3333
25,dfr,0.1429,0.1020,0.1274,7,7,1000,0.3333
25,snowball_stm,0.0000,0.0000,0.0480,7,7,1000,0.0667
25,vacias_txt,0.1429,0.0612,0.1012,7,7,1000,0.2000
26,base,0.3095,0.2766,0.3242,42,42,1000,1.0000
26,dfr,0.1905,0.1395,0.1925,42,42,1000,0.5000
26,snowball_stm,0.3095,0.2466,0.3303,42,42,1000,1.0000
26,vacias_txt,0.3333,0.2579,0.2905,42,42,1000,0.5000
27,base,0.5455,0.5651,0.5270,143,143,1000,0.3333
27,dfr,0.5524,0.5801,0.5593,143,143,1000,1.0000
27,snowball_stm,0.5524,0.5693,0.5304,143,143,1000,0.3333
27,vacias_txt,0.5385,0.5549,0.5197,143,143,1000,0.3333
28,base,0.7097,0.7170,0.7691,31,31,1000,1.0000
28,dfr,0.6129,0.5911,0.6743,31,31,1000,1.0000
28,snowball_stm,0.6774,0.6899,0.7552,31,31,1000,1.0000
28,vacias_txt,0.6774,0.7190,0.7658,31,31,1000,1.0000
29,base,0.1818,0.1420,0.1432,44,38,1000,1.0000
29,dfr,0.1818,0.1250,0.1442,44,38,1000,1.0000
29,snowball_stm,0.1364,0.1209,0.1266,44,36,1000,1.0000
29,vacias_txt,0.1818,0.1379,0.1397,44,38,1000,1.0000
30,base,0.5000,0.2500,0.2885,2,2,1000,0.5000
30,dfr,0.0000,0.0000,0.1894,2,2,1000,0.3333
30,snowball_stm,0.5000,0.5000,0.6667,2,2,1000,1.0000
30,vacias_txt,0.0000,0.0000,0.2067,2,2,1000,0.3333
31,base,1.0000,1.0000,1.0000,5,5,1000,1.0000
31,dfr,0.8000,0.8400,0.8100,5,5,1000,1.0000
31,snowball_stm,1.0000,1.0000,1.0000,5,5,1000,1.0000
31,vacias_txt,1.0000,1.0000,1.0000,5,5,1000,1.0000
32,base,0.8217,0.9014,0.8479,129,128,1000,1.0000
32,dfr,0.6589,0.8317,0.6387,129,128,1000,1.0000
32,snowball_stm,0.7907,0.8936,0.8262,129,128,1000,0.5000
32,vacias_txt,0.8140,0.9016,0.8479,129,128,1000,1.0000
33,base,0.5333,0.4889,0.5479,30,30,1000,1.0000
33,dfr,0.4333,0.4044,0.4482,30,30,1000,1.0000
33,snowball_stm,0.5333,0.5211,0.5977,30,30,1000,1.0000
33,vacias_txt,0.5000,0.4744,0.5245,30,30,1000,1.0000
34,base,0.3889,0.3056,0.3158,72,70,1000,1.0000
34,dfr,0.3889,0.3021,0.2979,72,70,1000,0.3333
34,snowball_stm,0.3333,0.2502,0.2905,72,70,1000,1.0000
34,vacias_txt,0.4028,0.3358,0.3352,72,70,1000,1.0000
35,base,0.5556,0.5432,0.6067,9,9,1000,1.0000
35,dfr,0.6667,0.6173,0.6812,9,9,1000,1.0000
35,snowball_stm,0.5556,0.5062,0.6307,9,9,1000,1.0000
35,vacias_txt,0.5556,0.5185,0.5880,9,9,1000,1.0000
